{"free_25m_best": 20.06, "free_25m_avg": 20.88, "free_25m_std": 0.6797769241940089, "back_25m_best": 25.05, "back_25m_avg": 26.294166666666666, "back_25m_std": 0.9844533095482875, "breast_25m_best": 28.0, "breast_25m_avg": 29.402000000000005, "breast_25m_std": 1.1680753400359059, "fly_25m_best": 19.43, "fly_25m_avg": 20.24166666666667, "fly_25m_std": 0.6100573743509705}